Workbook

Sheet 2021_1T
A1: CNAE | B1: n_ocup_pond | C1: renda_total_pond | D1: n_empregador_pond | E1: renda_empregador_pond | F1: n_conta_propria_pond | G1: renda_conta_propria_pond
A2: 0 | B2: 881.98231 | C2: 196001.88 | D2: 0 | E2: 0 | F2: 881.98231 | G2: 196001.88
A3: 1102 | B3: 40149.272 | C3: 14231568 | D3: 0 | E3: 0 | F3: 30656.197 | G3: 10266156
A4: 1105 | B4: 40742.898 | C4: 94547790 | D4: 0 | E4: 0 | F4: 3440.4188 | G4: 1290536.9
A5: 1108 | B5: 33624.369 | C5: 10116379 | D5: 0 | E5: 0 | F5: 20974.142 | G5: 6462756.3
A6: 1109 | B6: 80999.752 | C6: 27554820 | D6: 1721.3872 | E6: 688554.87 | F6: 58808.612 | G6: 21755220
A7: 1110 | B7: 26115.57 | C7: 12814748 | D7: 0 | E7: 0 | F7: 12016.016 | G7: 7980937.7
A8: 1111 | B8: 5641.9929 | C8: 6256541.1 | D8: 0 | E8: 0 | F8: 3824.8695 | G8: 4419177.3
A9: 1115 | B9: 8740.6223 | C9: 7068203 | D9: 0 | E9: 0 | F9: 1569.7708 | G9: 1319878.3
A10: 1116 | B10: 17879.775 | C10: 11748514 | D10: 0 | E10: 0 | F10: 10530.409 | G10: 6669910.8
A11: 1117 | B11: 12642.704 | C11: 10968921 | D11: 0 | E11: 0 | F11: 2845.3622 | G11: 2211938.4
A12: 1119 | B12: 18818.947 | C12: 6738329.2 | D12: 0 | E12: 0 | F12: 14055.544 | G12: 4449354.7
A13: 1201 | B13: 27051.561 | C13: 29283280 | D13: 0 | E13: 0 | F13: 13376.659 | G13: 19437469
... A170: 97000 | B170: 161689.87 | C170: 1.1200714e+08 | D170: 0 | E170: 0 | F170: 0 | G170: 0
A171: TOTAL | B171: =SUM(B2:B170) -> 3175076.4 | C171: =SUM(C2:C170) -> 5.6312735e+09 | D171: =SUM(D2:D170) -> 41626.967 | E171: =SUM(E2:E170) -> 1.4260714e+08 | F171: =SUM(F2:F170) -> 1041033.3 | G171: =SUM(G2:G170) -> 1.1186287e+09

Sheet 2021_2T
A1: CNAE | B1: n_ocup_pond | C1: renda_total_pond | D1: n_empregador_pond | E1: renda_empregador_pond | F1: n_conta_propria_pond | G1: renda_conta_propria_pond
A2: 0 | B2: 2075.7645 | C2: 1111789.3 | D2: 0 | E2: 0 | F2: 825.16317 | G2: 123774.48
A3: 1102 | B3: 51243.512 | C3: 16512203 | D3: 0 | E3: 0 | F3: 37463.588 | G3: 12724701
A4: 1105 | B4: 31631.35 | C4: 46836668 | D4: 0 | E4: 0 | F4: 4225.7083 | G4: 2707698.7
A5: 1108 | B5: 37927.784 | C5: 15047543 | D5: 0 | E5: 0 | F5: 28390.863 | G5: 11143470
A6: 1109 | B6: 78508.943 | C6: 28112946 | D6: 1735.246 | E6: 694098.4 | F6: 51746.619 | G6: 19682921
A7: 1110 | B7: 23506.464 | C7: 13758125 | D7: 0 | E7: 0 | F7: 14203.069 | G7: 8074788.8
A8: 1111 | B8: 3343.0679 | C8: 3444778.1 | D8: 0 | E8: 0 | F8: 2788.532 | G8: 3001149.4
A9: 1115 | B9: 6539.3972 | C9: 4707628.6 | D9: 0 | E9: 0 | F9: 3044.8854 | G9: 1837342.1
A10: 1116 | B10: 9436.5889 | C10: 7971387.2 | D10: 0 | E10: 0 | F10: 5535.9031 | G10: 4566524.1
A11: 1117 | B11: 15837.847 | C11: 20549988 | D11: 0 | E11: 0 | F11: 2984.7024 | G11: 1842556.9
A12: 1119 | B12: 20518.642 | C12: 13616774 | D12: 0 | E12: 0 | F12: 15589.752 | G12: 7668749.4
A13: 1201 | B13: 20568.597 | C13: 23259997 | D13: 0 | E13: 0 | F13: 8783.3206 | G13: 12570176
... A164: 97000 | B164: 167730.09 | C164: 1.1476616e+08 | D164: 0 | E164: 0 | F164: 0 | G164: 0
A165: TOTAL | B165: =SUM(B2:B164) -> 3173887.8 | C165: =SUM(C2:C164) -> 5.5781943e+09 | D165: =SUM(D2:D164) -> 28897.99 | E165: =SUM(E2:E164) -> 80856614 | F165: =SUM(F2:F164) -> 1063571.5 | G165: =SUM(G2:G164) -> 2.6160238e+09

Sheet 2021_3T
A1: CNAE | B1: n_ocup_pond | C1: renda_total_pond | D1: n_empregador_pond | E1: renda_empregador_pond | F1: n_conta_propria_pond | G1: renda_conta_propria_pond
A2: 0 | B2: 7334.3717 | C2: 8902396.7 | D2: 0 | E2: 0 | F2: 4785.2219 | G2: 5939074.9
A3: 1102 | B3: 59903.42 | C3: 20696909 | D3: 153.90935 | E3: 15390.935 | F3: 41794.924 | G3: 14660284
A4: 1103 | B4: 263.40869 | C4: 395113.03 | D4: 0 | E4: 0 | F4: 0 | G4: 0
A5: 1105 | B5: 33593.48 | C5: 49326486 | D5: 0 | E5: 0 | F5: 1707.4998 | G5: 636848.08
A6: 1108 | B6: 32765.149 | C6: 15875870 | D6: 0 | E6: 0 | F6: 23727.862 | G6: 12784728
A7: 1109 | B7: 77469.836 | C7: 22822220 | D7: 0 | E7: 0 | F7: 51125.925 | G7: 15824238
A8: 1110 | B8: 23410.735 | C8: 11777868 | D8: 0 | E8: 0 | F8: 14351.295 | G8: 8706454.5
A9: 1111 | B9: 2198.0191 | C9: 2249547.6 | D9: 0 | E9: 0 | F9: 2198.0191 | G9: 2249547.6
A10: 1112 | B10: 293.56402 | C10: 704553.64 | D10: 0 | E10: 0 | F10: 0 | G10: 0
A11: 1115 | B11: 7871.6391 | C11: 14443199 | D11: 0 | E11: 0 | F11: 1397.719 | G11: 349429.76
A12: 1116 | B12: 16565.727 | C12: 12374443 | D12: 0 | E12: 0 | F12: 9236.3407 | G12: 6821758.8
A13: 1117 | B13: 19821.724 | C13: 27195451 | D13: 220.55466 | E13: 441109316 | F13: 7293.3177 | G13: 6062890.7
... A178: 97000 | B178: 172310.36 | C178: 1.1446018e+08 | D178: 0 | E178: 0 | F178: 0 | G178: 0
A179: TOTAL | B179: =SUM(B2:B178) -> 3286021.8 | C179: =SUM(C2:C178) -> 5.451252e+09 | D179: =SUM(D2:D178) -> 31366.625 | E179: =SUM(E2:E178) -> 5.8386338e+08 | F179: =SUM(F2:F178) -> 1096332.8 | G179: =SUM(G2:G178) -> 1.2516452e+09

Sheet 2021_4T
A1: CNAE | B1: n_ocup_pond | C1: renda_total_pond | D1: n_empregador_pond | E1: renda_empregador_pond | F1: n_conta_propria_pond | G1: renda_conta_propria_pond
A2: 0 | B2: 6985.6257 | C2: 6253228.7 | D2: 0 | E2: 0 | F2: 4577.5519 | G2: 2664505.2
A3: 1102 | B3: 55367.204 | C3: 17634950 | D3: 162.824 | E3: 16282.4 | F3: 38036.675 | G3: 11395814
A4: 1103 | B4: 273.39497 | C4: 300734.47 | D4: 0 | E4: 0 | F4: 0 | G4: 0
A5: 1105 | B5: 33576.711 | C5: 43744626 | D5: 0 | E5: 0 | F5: 2735.8656 | G5: 2818431.1
A6: 1108 | B6: 31468.328 | C6: 10482047 | D6: 0 | E6: 0 | F6: 22371.997 | G6: 9011122.3
A7: 1109 | B7: 83460.357 | C7: 25029593 | D7: 0 | E7: 0 | F7: 59191.743 | G7: 17560767
A8: 1110 | B8: 18272.326 | C8: 10255290 | D8: 0 | E8: 0 | F8: 10380.427 | G8: 8061920.4
A9: 1111 | B9: 4144.8737 | C9: 3201327.4 | D9: 0 | E9: 0 | F9: 2451.6564 | G9: 2428190.4
A10: 1112 | B10: 702.23087 | C10: 1345789.7 | D10: 0 | E10: 0 | F10: 214.45969 | G10: 386027.45
A11: 1115 | B11: 19430.24 | C11: 35670576 | D11: 0 | E11: 0 | F11: 1201.7346 | G11: 1176383.4
A12: 1116 | B12: 20414.663 | C12: 14062359 | D12: 0 | E12: 0 | F12: 13739.217 | G12: 9026678.6
A13: 1117 | B13: 27597.925 | C13: 14150201 | D13: 205.52184 | E13: 411043.69 | F13: 3373.2528 | G13: 2167832.5
... A184: 97000 | B184: 187606.15 | C184: 1.2867749e+08 | D184: 0 | E184: 0 | F184: 0 | G184: 0
A185: TOTAL | B185: =SUM(B2:B184) -> 3401768.4 | C185: =SUM(C2:C184) -> 5.6959696e+09 | D185: =SUM(D2:D184) -> 25004.397 | E185: =SUM(E2:E184) -> 5.190882e+09 | F185: =SUM(F2:F184) -> 1126348.6 | G185: =SUM(G2:G184) -> 1.26883e+09

Sheet Dicionário
A1: Variável | B1: Descrição
A2: CNAE | B2: Código da Classificação Nacional de Atividades Econômicas (CNAE 2.0), informado na variável V4013. Refere-se à atividade principal exercida pelo trabalhador. É um código numérico de 5 dígitos.
A3: n_ocup_pond | B3: Total ponderado de pessoas ocupadas em cada código de CNAE. É a soma do fator de expansão (V1028) de todos os indivíduos ocupados naquele setor.
A4: renda_total_pond | B4: Soma ponderada da renda total do trabalho (principal, secundário e outros) dos ocupados em cada CNAE. Calculada como: renda_total * V1028, somando os resultados por CNAE.
A5: n_empregador_pond | B5: Total ponderado de empregadores com apenas 1 funcionário (V4012 == 5 & V40161 == 1) em cada CNAE. Representa a quantidade estimada de microempregadores por setor.
A6: n_conta_propria_pond | B6: Total ponderado de trabalhadores por conta própria (V4012 == 6) em cada CNAE. Representa a quantidade estimada de empreendedores individuais (formais ou informais).
A7: renda_empregador_pond | B7: Soma ponderada da renda do trabalho dos empregadores com 1 funcionário. Calculada com base nos rendimentos individuais multiplicados por V1028.
A8: renda_conta_propria_pond | B8: Soma ponderada da renda do trabalho dos trabalhadores por conta própria, por CNAE.
A10: Destaque
A11: Variável | B11: Descrição
A12: renda_total | B12: Soma da renda proveniente de três fontes principais de ocupação: trabalho principal, secundário e outros trabalhos. Cada uma dessas fontes inclui o valor efetivamente recebido e o valor habitual esperado. A composição é dada por:
A13: renda_total = r_princ + r_sec + r_outros
A14: Com:
A15: r_princ = V403412 + V403422
A16: r_sec = V405112 + V405122
A17: r_outros = V405912 + V405922
A18: Todos os valores são ajustados para que valores negativos e NA sejam tratados como zero.

Sheet Estatísticas - Agregadas
A1: Ano | B1: Trimestre | C1: n_ocup_pond | D1: renda_total_pond | E1: Renda Média_Total | F1: n_empregador_pond | G1: renda_empregador_pond | H1: Renda Média_empregador | I1: n_conta_propria_pond | J1: renda_conta_propria_pond | K1: Renda Média_conta_propria
A2: 2021 | B2: 1 | C2: ='2021_1T'!B171 -> 3175076.4 | D2: ='2021_1T'!C171 -> 5.6312735e+09 | E2: =D2/C2 -> 1773.5868 | F2: ='2021_1T'!D171 -> 41626.967 | G2: ='2021_1T'!E171 -> 1.4260714e+08 | H2: =G2/F2 -> 3425.8354 | I2: ='2021_1T'!F171 -> 1041033.3 | J2: ='2021_1T'!G171 -> 1.1186287e+09 | K2: =J2/I2 -> 1074.537
A3: 2021 | B3: 2 | C3: ='2021_2T'!B165 -> 3173887.8 | D3: ='2021_2T'!C165 -> 5.5781943e+09 | E3: =D3/C3 -> 1757.5272 | F3: ='2021_2T'!D165 -> 28897.99 | G3: ='2021_2T'!E165 -> 80856614 | H3: =G3/F3 -> 2798.0014 | I3: ='2021_2T'!F165 -> 1063571.5 | J3: ='2021_2T'!G165 -> 2.6160238e+09 | K3: =J3/I3 -> 2459.6595
A4: 2021 | B4: 3 | C4: ='2021_3T'!B179 -> 3286021.8 | D4: ='2021_3T'!C179 -> 5.451252e+09 | E4: =D4/C4 -> 1658.9214 | F4: ='2021_3T'!D179 -> 31366.625 | G4: ='2021_3T'!E179 -> 5.8386338e+08 | H4: =G4/F4 -> 18614.16 | I4: ='2021_3T'!F179 -> 1096332.8 | J4: ='2021_3T'!G179 -> 1.2516452e+09 | K4: =J4/I4 -> 1141.6654
A5: 2021 | B5: 4 | C5: ='2021_4T'!B185 -> 3401768.4 | D5: ='2021_4T'!C185 -> 5.6959696e+09 | E5: =D5/C5 -> 1674.4143 | F5: ='2021_4T'!D185 -> 25004.397 | G5: ='2021_4T'!E185 -> 5.190882e+09 | H5: =G5/F5 -> 207598.77 | I5: ='2021_4T'!F185 -> 1126348.6 | J5: ='2021_4T'!G185 -> 1.26883e+09 | K5: =J5/I5 -> 1126.4985
C6: 1 Página | F6: 2 Página | I6: 3 Página
